mp_name,twitter_username,mp_gender,party,constituency,region,country,constituency_type,electorate,turnout,majority
Stephen Kinnock,SKinnock,Male,Labour,Aberavon,Wales,Wales,County,50750,62.26206897,33.19830369
Robin John Millar,RobinMillarMP,Male,Conservative,Aberconwy,Wales,Wales,County,44699,71.28794828,6.383179037
Kirsty Blackman,KirstySNP,Female,Scottish National Party,Aberdeen North,Scotland,Scotland,Borough,62489,59.87133736,33.86523401
Stephen Flynn,StephenFlynnSNP,Male,Scottish National Party,Aberdeen South,Scotland,Scotland,Borough,65719,69.44414857,8.742714405
Neil Gray,neilgraysnp,Male,Scottish National Party,Airdrie and Shotts,Scotland,Scotland,County,64011,62.13307088,13.07703912
Leo Docherty,LeoDochertyUK,Male,Conservative,Aldershot,South East,England,Borough,72617,66.00658248,34.83685221
Wendy Morton,morton_wendy,Female,Conservative,Aldridge-Brownhills,West Midlands,England,Borough,60138,65.41953507,50.41939912
Graham Brady,SirGrahamBrady,Male,Conservative,Altrincham and Sale West,North West,England,Borough,73107,74.90801154,11.21012362
Mark Tami,MarkTamiMP,Male,Labour,Alyn and Deeside,Wales,Wales,County,62789,68.49607415,0.495256696
Nigel Mills,nigelmills,Male,Conservative,Amber Valley,East Midlands,England,County,69976,65.11804047,37.0575197
Dave Doogan,DaveDooganSNP,Male,Scottish National Party,Angus,Scotland,Scotland,County,63952,67.50375281,8.790826963
Hywel Williams,HywelPlaidCymru,Male,Plaid Cymru,Arfon,Wales,Wales,County,42215,68.87125429,9.5652473
Brendan O'Hara,BrendanOHaraMP,Male,Scottish National Party,Argyll and Bute,Scotland,Scotland,County,66525,72.22848553,8.55359001
Andrew Griffith,griffitha,Male,Conservative,Arundel and South Downs,South East,England,County,81726,75.13887869,36.67437467
Lee Anderson,LeeAndersonMP,Male,Conservative,Ashfield,East Midlands,England,County,78204,62.63106746,11.70477746
Damian Green,DamianGreen,Male,Conservative,Ashford,South East,England,County,89553,67.06531328,40.00899116
Angela Rayner,AngelaRayner,Female,Labour,Ashton-under-Lyne,North West,England,Borough,67978,56.75218453,11.05005314
Rob Butler,AylesburyTories,Male,Conservative,Aylesbury,South East,England,County,86665,69.89672878,28.67967512
Allan Dorans,,Male,SNP,"Ayr, Carrick and Cumnock",Scotland,Scotland,County,71970,64.73808531,4.998712225
Victoria Prentis,VictoriaPrentis,Female,Conservative,Banbury,South East,England,County,90116,69.82222913,26.72080863
David Duguid,david_duguid,Male,Conservative,Banff and Buchan,Scotland,Scotland,County,66655,63.40109519,9.744439186
Margaret Hodge,margarethodge,Female,Labour,Barking,London,England,Borough,77953,57.08439701,34.66819479
Dan Jarvis,DanJarvisMP,Male,Labour,Barnsley Central,Yorkshire and The Humber,England,Borough,65277,56.5329289,9.67672005
Stephanie Peacock,Steph_Peacock,Female,Labour,Barnsley East,Yorkshire and The Humber,England,County,69504,54.77382597,8.450223273
Simon Fell,simonfell,Male,Conservative,Barrow and Furness,North West,England,County,70158,65.63185952,12.5722104
John Baron,,Male,Con,Basildon and Billericay,East,England,Borough,69906,63.12476754,46.25634518
Maria Miller,MariaMillerUK,Female,Conservative,Basingstoke,South East,England,Borough,82928,65.97650974,25.94995705
Brendan Clarke-Smith,Bren4Bassetlaw,Male,Conservative,Bassetlaw,East Midlands,England,County,80024,63.53219034,27.56240042
Wera Hobhouse,Wera_Hobhouse,Female,Liberal Democrat,Bath,South West,England,Borough,67805,76.89403436,23.63343435
Tracy Brabin,TracyBrabin,Female,Labour,Batley and Spen,Yorkshire and The Humber,England,Borough,79558,66.52630785,6.660116765
Marsha de Cordova,MarshadeCordova,Female,Labour,Battersea,London,England,Borough,79350,75.58538122,9.450289278
Joy Morrissey,joymorrissey,Female,Conservative,Beaconsfield,South East,England,County,77720,74.45702522,27.15144812
Bob Stewart,,Male,Con,Beckenham,London,England,Borough,68662,73.62879031,28.20294729
Mohammad Yasin,YasinForBedford,Male,Labour,Bedford,East,England,Borough,71581,66.08038446,0.30654743
Gavin Robinson,GRobinsonDUP,Male,Democratic Unionist Party,Belfast East,Northern Ireland,Northern Ireland,Borough,66245,64.07276021,4.285546001
John Finucane,johnfinucane,Male,Sinn Féin,Belfast North,Northern Ireland,Northern Ireland,Borough,72225,67.89477328,3.962314171
Claire Hanna,ClaireHanna,Female,Social Democratic and Labour Party,Belfast South,Northern Ireland,Northern Ireland,Borough,69984,67.6611797,32.52449738
Paul Maskey,PaulMaskeyMP,Male,Sinn Féin,Belfast West,Northern Ireland,Northern Ireland,Borough,65644,59.0792761,37.83198391
Neil Coyle,coyleneil,Male,Labour,Bermondsey and Old Southwark,London,England,Borough,93248,62.85925704,27.51172908
John Lamont,John2Win,Male,Conservative,"Berwickshire, Roxburgh and Selkirk",Scotland,Scotland,County,74518,71.31968115,9.686523915
Anne-Marie Trevelyan,annietrev,Female,Conservative,Berwick-upon-Tweed,North East,England,County,59939,70.25309064,35.22999834
Rushanara Ali,rushanaraali,Female,Labour,Bethnal Green and Bow,London,England,Borough,88262,68.61616551,61.95964466
Graham Stuart,grahamstuart,Male,Conservative,Beverley and Holderness,Yorkshire and The Humber,England,County,79696,67.18279462,38.19057936
Huw Merriman,HuwMerriman,Male,Conservative,Bexhill and Battle,South East,England,County,81963,72.09716579,44.09828575
David Evennett,DavidEvennett,Male,Conservative,Bexleyheath and Crayford,London,England,Borough,65466,66.0587175,30.29875595
Mick Whitley,MickWhitleyMP,Male,Labour,Birkenhead,North West,England,Borough,63762,66.3859352,41.82711616
Preet Gill,PreetKGillMP,Female,Labour,"Birmingham, Edgbaston",West Midlands,England,Borough,68828,61.49822747,13.26308826
Jack Dromey,JackDromeyMP,Male,Labour,"Birmingham, Erdington",West Midlands,England,Borough,66148,53.25784604,10.22169236
Tahir Ali,TahirAliMP,Male,Labour,"Birmingham, Hall Green",West Midlands,England,Borough,80283,65.90560891,53.87915556
Liam Byrne,liambyrnemp,Male,Labour,"Birmingham, Hodge Hill",West Midlands,England,Borough,78295,57.4787662,63.67353288
Shabana Mahmood,ShabanaMahmood,Female,Labour,"Birmingham, Ladywood",West Midlands,England,Borough,74912,56.22330201,67.86172183
Gary Sambrook,GarySambrook89,Male,Conservative,"Birmingham, Northfield",West Midlands,England,Borough,73694,58.48237306,3.805280988
Khalid Mahmood,khalid4PB,Male,Labour,"Birmingham, Perry Barr",West Midlands,England,Borough,72006,58.53262228,36.34185114
Steve McCabe,steve_mccabe,Male,Labour,"Birmingham, Selly Oak",West Midlands,England,Borough,82665,59.84031936,25.09551822
Jess Phillips,jessphillips,Female,Labour,"Birmingham, Yardley",West Midlands,England,Borough,74704,57.12947098,24.97539716
Dehenna Davison,DehennaDavison,Female,Conservative,Bishop Auckland,North East,England,County,68170,65.7253924,17.77033813
Kate Hollern,Kate_HollernMP,Female,Labour,Blackburn,North West,England,Borough,71234,62.80147121,40.91559371
Graham Stringer,,Male,Lab,Blackley and Broughton,North West,England,Borough,73372,52.63315706,37.29349008
Paul Maynard,PaulMaynardUK,Male,Conservative,Blackpool North and Cleveleys,North West,England,Borough,63692,60.92444891,22.15235543
Scott Lloyd Benton,ScottBentonMP,Male,Conservative,Blackpool South,North West,England,Borough,57690,56.77240423,11.26648754
Nick Smith,BlaenauGwentMP,Male,Labour,Blaenau Gwent,Wales,Wales,County,50739,59.55773665,28.61444786
Liz Twist,LizTwistMP,Female,Labour,Blaydon,North East,England,Borough,67853,67.3234787,12.10787855
Ian Levy,,Male,Con,Blyth Valley,North East,England,Borough,64429,63.41709479,1.742578135
Nick Gibb,NickGibbUK,Male,Conservative,Bognor Regis and Littlehampton,South East,England,County,77446,66.14027839,43.93143705
Mark Fletcher,,Male,Con,Bolsover,East Midlands,England,County,74292,61.83438324,11.53511254
Mark Logan,,Male,Con,Bolton North East,North West,England,Borough,67564,64.46628382,0.867848287
Yasmin Qureshi,YasminQureshiMP,Female,Labour,Bolton South East,North West,England,Borough,69163,58.70769053,18.71244212
Chris Green,CGreenUK,Male,Conservative,Bolton West,North West,England,County,73191,67.35527592,17.96218914
Peter Dowd,Peter_Dowd,Male,Labour,Bootle,North West,England,Borough,74832,65.7125294,70.27290845
Matt Warman,mattwarman,Male,Conservative,Boston and Skegness,East Midlands,England,County,69381,60.09714475,61.44714121
Luke Evans,drlukeevans,Male,Conservative,Bosworth,East Midlands,England,County,81542,69.20605332,46.56577828
Tobias Ellwood,Tobias_Ellwood,Male,Conservative,Bournemouth East,South West,England,Borough,74125,66.47419899,17.87149409
Conor Burns,ConorBurnsUK,Male,Conservative,Bournemouth West,South West,England,Borough,74205,61.9594367,22.07625552
James Sunderland,JamesSunderl,Male,Conservative,Bracknell,South East,England,County,78978,68.81663248,36.48390064
Imran Hussain,Imran_HussainMP,Male,Labour,Bradford East,Yorkshire and The Humber,England,Borough,73206,60.35570855,41.06463878
Judith Cummins,JudithCummins,Female,Labour,Bradford South,Yorkshire and The Humber,England,Borough,69046,57.55728065,5.903223371
Naz Shah,NazShahBfd,Female,Labour,Bradford West,Yorkshire and The Humber,England,Borough,70694,62.60927377,61.04471205
James Cleverly,JamesCleverly,Male,Conservative,Braintree,East,England,County,75208,67.14578236,48.85839324
Fay Alicia Jones,JonesyFay,Female,Conservative,Brecon and Radnorshire,Wales,Wales,County,55490,74.46206524,17.25840412
Dawn Butler,DawnButlerBrent,Female,Labour,Brent Central,London,England,Borough,84032,58.46820259,42.4774078
Barry Gardiner,BarryGardiner,Male,Labour,Brent North,London,England,Borough,83788,61.91698095,15.57277511
Ruth Cadbury,RuthCadbury,Female,Labour,Brentford and Isleworth,London,England,Borough,85775,67.99883416,18.02626616
Alex Burghart,alexburghart,Male,Conservative,Brentwood and Ongar,East,England,County,75255,70.35944456,54.89244367
Jamie Hamilton Wallis,JamieWallisMP,Male,Conservative,Bridgend,Wales,Wales,County,63303,66.7203766,2.739369258
Ian Liddell-Grainger,,Male,Con,Bridgwater and West Somerset,South West,England,County,85327,67.56595216,42.3905502
Andrew Percy,,Male,Con,Brigg and Goole,Yorkshire and The Humber,England,County,65939,65.82144103,50.55296991
Lloyd Russell-Moyle,lloyd_rm,Male,Labour,"Brighton, Kemptown",South East,England,Borough,69833,69.49866109,16.60931737
Caroline Lucas,CarolineLucas,Female,Green Party,"Brighton, Pavilion",South East,England,Borough,79057,73.36225761,34.38049588
Kerry McCarthy,KerryMP,Female,Labour,Bristol East,South West,England,Borough,73867,70.60527705,20.69639913
Darren Jones,darrenpjones,Male,Labour,Bristol North West,South West,England,Borough,76273,73.26970225,10.18520175
Karin Smyth,karinsmyth,Female,Labour,Bristol South,South West,England,Borough,84079,65.64778363,17.86180158
Thangam Debbonaire,ThangamMP,Female,Labour,Bristol West,South West,England,Borough,99253,76.09644041,37.36230272
Jerome Mayhew,JeromeMayhew,Male,Conservative,Broadland,East,England,County,78151,72.90629678,38.36811345
Robert Neill,neill_bob,Male,Conservative,Bromley and Chislehurst,London,England,Borough,66697,68.31791535,23.90159329
Sajid Javid,sajidjavid,Male,Conservative,Bromsgrove,West Midlands,England,County,75078,72.28748768,42.57443986
Charles Walker,CharlesWalkerMP,Male,Conservative,Broxbourne,East,England,Borough,73182,63.82170479,42.40782769
Darren George Henry,DarrenG_Henry,Male,Conservative,Broxtowe,East Midlands,England,County,73052,75.66117286,9.645028224
Greg Smith,gregsmith_uk,Male,Conservative,Buckingham,South East,England,County,83146,76.32116999,32.1645813
Antony Higginbotham,antony_hig,Male,Conservative,Burnley,North West,England,Borough,64345,60.58590411,3.468089473
Kate Griffiths,,Female,Con,Burton,West Midlands,England,County,75036,64.95282265,29.7427059
James Daly,JamesDalyMP,Male,Conservative,Bury North,North West,England,Borough,68802,68.08086974,0.224162593
Christian Wakeford,Christian4BuryS,Male,Conservative,Bury South,North West,England,Borough,75152,66.89642325,0.799618093
Jo Churchill,Jochurchill4,Female,Conservative,Bury St Edmunds,East,England,County,89644,69.11449735,40.33119744
Wayne David,WayneDavid_MP,Male,Labour,Caerphilly,Wales,Wales,County,63166,63.51043283,17.03267941
Jamie Stone,Jamie4North,Male,Liberal Democrat,"Caithness, Sutherland and Easter Ross",Scotland,Scotland,County,46930,67.02961858,0.648504307
Craig Whittaker,CWhittaker_MP,Male,Conservative,Calder Valley,Yorkshire and The Humber,England,County,79287,72.89089006,9.990829339
Harriet Harman QC,HarrietHarman,Female,Labour,Camberwell and Peckham,London,England,Borough,88971,63.49484664,59.79607732
George Eustice,,Male,Con,Camborne and Redruth,South West,England,County,70250,71.69679715,17.2732146
Daniel Zeichner,DanielZeichner,Male,Labour,Cambridge,East,England,Borough,79951,67.20241148,17.94003238
Amanda Milling,amandamilling,Female,Conservative,Cannock Chase,West Midlands,England,County,74813,61.90501651,42.92315333
Rosie Duffield,RosieDuffield1,Female,Labour,Canterbury,South East,England,County,80203,74.95106168,3.054247833
Jo Stevens,JoStevensLabour,Female,Labour,Cardiff Central,Wales,Wales,Borough,64037,65.30911817,41.07646693
Anna McMorrin,AnnaMcMorrin,Female,Labour,Cardiff North,Wales,Wales,Borough,68438,76.95432362,13.25712984
Stephen Doughty,SDoughtyMP,Male,Labour,Cardiff South and Penarth,Wales,Wales,Borough,78837,64.15642401,25.18238795
Kevin Brennan,KevinBrennanMP,Male,Labour,Cardiff West,Wales,Wales,Borough,68508,67.40380685,23.79106482
John Stevenson,John4Carlisle,Male,Conservative,Carlisle,North West,England,County,65105,65.85208509,19.40382059
Jonathan Edwards,,Male,PC,Carmarthen East and Dinefwr,Wales,Wales,County,57419,71.40841882,4.411979903
Simon Hart,Simonhartmp,Male,Conservative,Carmarthen West and South Pembrokeshire,Wales,Wales,County,59158,71.18901924,18.39055896
Elliot Colburn,ElliotColburn,Male,Conservative,Carshalton and Wallington,London,England,Borough,72941,67.31193705,1.281111247
Rebecca Harris,RebeccaHarrisMP,Female,Conservative,Castle Point,East,England,Borough,69608,63.60906792,60.15312691
Dr Philippa Whitford,Dr_PhilippaW,Female,Scottish National Party,Central Ayrshire,Scotland,Scotland,County,69742,66.72306501,11.39811751
Mel Stride,MelJStride,Male,Conservative,Central Devon,South West,England,County,74296,78.16302358,30.51556688
Dan Poulter,,Male,Con,Central Suffolk and North Ipswich,East,England,County,80037,70.2799955,41.584
Ben Lake,BenMLake,Male,Plaid Cymru,Ceredigion,Wales,Wales,County,56386,71.12581137,15.78107468
Edward Argar,,Male,Con,Charnwood,East Midlands,England,County,79534,69.61173838,40.45335501
Tracey Crouch,tracey_crouch,Female,Conservative,Chatham and Aylesford,South East,England,County,71642,60.49524022,42.77803415
Mary Robinson,MaryRobinson01,Female,Conservative,Cheadle,North West,England,Borough,74577,74.96010834,4.178666619
Vicky Ford,vickyford,Female,Conservative,Chelmsford,East,England,Borough,80394,71.05256611,30.84800952
Greg Hands,GregHands,Male,Conservative,Chelsea and Fulham,London,England,Borough,67110,69.76754582,24.00845774
Alex Chalk,AlexChalkChelt,Male,Conservative,Cheltenham,South West,England,Borough,81044,73.24046197,1.652711559
Cheryl Gillan,CherylGillan,Female,Conservative,Chesham and Amersham,South East,England,County,72542,76.76242728,29.1335189
Toby Perkins,tobyperkinsmp,Male,Labour,Chesterfield,East Midlands,England,Borough,71034,63.61179154,3.211171602
Gillian Keegan,GillianKeegan,Female,Conservative,Chichester,South East,England,County,85499,71.63007754,35.08972454
Iain Duncan Smith,MPIainDS,Male,Conservative,Chingford and Woodford Green,London,England,County,65393,74.08132369,2.605069771
Michelle Donelan,michelledonelan,Female,Conservative,Chippenham,South West,England,County,77221,73.94232139,19.76917284
Theresa Villiers,,Female,Con,Chipping Barnet,London,England,Borough,79960,71.99724862,2.105299727
Lindsay Hoyle,LindsayHoyle_MP,Male,Speaker,Chorley,North West,England,County,77072,51.73084908,43.62177075
Christopher Chope,,Male,Con,Christchurch,South West,England,County,71520,72.63842282,47.3850359
Nickie Aiken,twocitiesnickie,Female,Conservative,Cities of London and Westminster,London,England,Borough,63700,67.06907378,9.25262739
Christian Matheson,ChrisM4Chester,Male,Labour,City of Chester,North West,England,County,76057,71.73567193,11.29765396
Mary Foy,marykfoy,Female,Labour,City of Durham,North East,England,County,71271,68.55382975,10.28469678
Giles Watling,GilesWatling,Male,Conservative,Clacton,East,England,County,70930,61.33652897,56.7783754
Martin Vickers,MartinVickers,Male,Conservative,Cleethorpes,Yorkshire and The Humber,England,County,73689,62.88455536,46.22024644
Simon Baynes,baynes_simon,Male,Conservative,Clwyd South,Wales,Wales,County,53919,67.33433484,3.412659065
David Jones,DavidJonesMP,Male,Conservative,Clwyd West,Wales,Wales,County,57714,69.65900821,16.78232968
Steven Bonnar,StevenBonnarSNP,Male,Scottish National Party,"Coatbridge, Chryston and Bellshill",Scotland,Scotland,Borough,72943,66.10778279,11.66296842
Will Quince,willquince,Male,Conservative,Colchester,East,England,Borough,82625,64.59667171,17.6549941
Jason McCartney,JasonMcCartney,Male,Conservative,Colne Valley,Yorkshire and The Humber,England,County,84174,72.34062775,8.38041122
Fiona Bruce,,Female,Con,Congleton,North West,England,County,80930,70.71914,32.43059074
Trudy Harrison,,Female,Con,Copeland,North West,England,County,61693,68.92678262,13.73844743
Tom Pursglove,VotePursglove,Male,Conservative,Corby,East Midlands,England,County,86153,70.19488584,16.97891691
Colleen Fletcher,,Female,Lab,Coventry North East,West Midlands,England,Borough,76006,58.47433097,17.30717307
Taiwo Owatemi,TaiwoOwatemi,Female,Labour,Coventry North West,West Midlands,England,Borough,75247,63.44970564,0.435656836
Zarah Sultana,zarahsultana,Female,Labour,Coventry South,West Midlands,England,Borough,70979,63.46102368,0.890240654
Henry Smith,HenrySmithUK,Male,Conservative,Crawley,South East,England,Borough,74207,67.24298247,16.75384276
Kieran John Mullan,KieranMullanUK,Male,Conservative,Crewe and Nantwich,North West,England,County,80321,67.27007881,15.74622446
Sarah Jones,LabourSJ,Female,Labour,Croydon Central,London,England,Borough,81407,66.3886398,11.00749376
Steve Reed,SteveReedMP,Male,Labour,Croydon North,London,England,Borough,88468,62.85775648,44.36871729
Chris Philp,CPhilpOfficial,Male,Conservative,Croydon South,London,England,Borough,83982,70.67943131,20.78742545
Stuart C. McDonald,Stuart_McDonald,Male,Scottish National Party,"Cumbernauld, Kilsyth and Kirkintilloch East",Scotland,Scotland,County,66079,69.13845549,28.40257409
Beth Winter,BethWinterMP,Female,Labour,Cynon Valley,Wales,Wales,County,51134,59.13091094,29.17713983
Jon Cruddas,JonCruddas_1,Male,Labour,Dagenham and Rainham,London,England,Borough,71045,61.55957492,0.669943981
Peter Gibson,Gibbo4Darlo,Male,Conservative,Darlington,North East,England,Borough,66397,65.51199602,7.572761966
Gareth Johnson,,Male,Con,Dartford,South East,England,County,82209,65.71421621,35.46637543
Chris Heaton-Harris,chhcalling,Male,Conservative,Daventry,East Midlands,England,County,77423,74.14205081,45.43316551
Rob Roberts,,Male,Con,Delyn,Wales,Wales,County,54560,70.32624633,2.25436539
Andrew Gwynne,GwynneMP,Male,Labour,Denton and Reddish,North West,England,Borough,66234,58.2601081,16.00238416
Amanda Solloway,ASollowayUK,Female,Conservative,Derby North,East Midlands,England,Borough,73199,64.2317518,5.402301295
Margaret Beckett,,Female,Lab,Derby South,East Midlands,England,Borough,73062,58.117763,14.17502708
Sarah Dines,Dines4Dales,Female,Conservative,Derbyshire Dales,East Midlands,England,County,65080,76.85310387,34.75087972
Danny Kruger,danny__kruger,Male,Conservative,Devizes,South West,England,County,73372,69.44611023,47.08756918
Mark Eastwood,mark4dewsbury,Male,Conservative,Dewsbury,Yorkshire and The Humber,England,County,81253,69.39928372,2.768270407
Nicholas Fletcher,NickFletcherMP,Male,Conservative,Don Valley,Yorkshire and The Humber,England,County,75356,60.29645947,7.989083786
Rosie Winterton,,Female,Lab,Doncaster Central,Yorkshire and The Humber,England,Borough,71389,58.2456681,5.478463721
Edward Miliband,Ed_Miliband,Male,Labour,Doncaster North,Yorkshire and The Humber,England,County,72362,56.24222658,5.823381984
Natalie Elphicke,NatalieElphicke,Female,Conservative,Dover,South East,England,County,76355,66.40167638,24.21648488
Marco Longhi,marcolonghi4dn,Male,Conservative,Dudley North,West Midlands,England,Borough,61936,59.22888143,31.4387744
Mike Wood,mikejwood,Male,Conservative,Dudley South,West Midlands,England,Borough,60731,60.2262436,42.55522747
Helen Hayes,helenhayes_,Female,Labour,Dulwich and West Norwood,London,England,Borough,80331,69.43521181,48.96195633
Alister Jack,,Male,Con,Dumfries and Galloway,Scotland,Scotland,County,74580,68.95816573,3.509692975
David Mundell,DavidMundellDCT,Male,Conservative,"Dumfriesshire, Clydesdale & Tweeddale",Scotland,Scotland,County,68330,71.93472852,7.692307692
Stewart Hosie,StewartHosieSNP,Male,Scottish National Party,Dundee East,Scotland,Scotland,Borough,66210,68.38392992,29.54038474
Chris Law,ChrisLawSNP,Male,Scottish National Party,Dundee West,Scotland,Scotland,Borough,64431,64.53260077,29.48363357
Douglas Chapman,DougChapmanSNP,Male,Scottish National Party,Dunfermline and West Fife,Scotland,Scotland,County,76652,69.77247821,20.00486145
Liz Saville Roberts,LSRPlaid,Female,Plaid Cymru,Dwyfor Meirionnydd,Wales,Wales,County,44362,67.46314413,15.83801123
Dr Rupa Huq,RupaHuq,Female,Labour,Ealing Central and Acton,London,England,Borough,75510,72.58243941,24.2669732
James Murray,jamesmurray_ldn,Male,Labour,Ealing North,London,England,Borough,74473,66.64294442,24.72043682
Virendra Sharma,VirendraSharma,Male,Labour,"Ealing, Southall",London,England,Borough,64581,65.37061984,38.09839638
Grahame Morris,grahamemorris,Male,Labour,Easington,North East,England,County,61182,56.52479487,19.02958101
Sammy Wilson,eastantrimmp,Male,Democratic Unionist Party,East Antrim,Northern Ireland,Northern Ireland,County,64830,57.47493444,17.9973699
Simon Jupp,simonjamesjupp,Male,Conservative,East Devon,South West,England,County,87168,73.50518539,10.46930845
Amy Callaghan,AmyCallaghanSNP,Female,Scottish National Party,East Dunbartonshire,Scotland,Scotland,County,66075,80.25879682,0.280967736
Stephen Timms,stephenctimms,Male,Labour,East Ham,London,England,Borough,88319,61.8530554,60.73076078
Damian Hinds,DamianHinds,Male,Conservative,East Hampshire,South East,England,County,76478,74.39394336,34.61815625
Lisa Cameron,DrLisaCameronMP,Female,Scottish National Party,"East Kilbride, Strathaven and Lesmahagow",Scotland,Scotland,County,81224,69.36004137,23.64698156
Gregory Campbell,,Male,DUP,East Londonderry,Northern Ireland,Northern Ireland,County,69246,56.757069,24.44404865
Kenny MacAskill,KennyMacAskill,Male,Scottish National Party,East Lothian,Scotland,Scotland,County,81600,71.70710784,6.641259207
Kirsten Oswald,kirstenoswald,Female,Scottish National Party,East Renfrewshire,Scotland,Scotland,County,72232,76.63777827,9.801831747
Claire Coutinho,ClaireCoutinho,Female,Conservative,East Surrey,South East,England,County,83148,71.78765575,40.27475289
Tim Loughton,timloughton,Male,Conservative,East Worthing and Shoreham,South East,England,County,75194,70.6545735,14.06791146
Greg Knight,GregKnight,Male,Conservative,East Yorkshire,Yorkshire and The Humber,England,County,80923,65.20890229,43.18255036
Caroline Ansell,Caroline_Ansell,Female,Conservative,Eastbourne,South East,England,Borough,79307,69.51971453,7.855406827
Paul Holmes,pauljholmes,Male,Conservative,Eastleigh,South East,England,Borough,83880,70.30400572,26.46555086
Edward Timpson,edwardtimpson,Male,Conservative,Eddisbury,North West,England,County,73700,71.87381275,34.81716411
Tommy Sheppard,TommySheppard,Male,Scottish National Party,Edinburgh East,Scotland,Scotland,Borough,69424,68.87387647,21.7860504
Deidre Brock,DeidreBrock,Female,Scottish National Party,Edinburgh North and Leith,Scotland,Scotland,Borough,81336,72.96154224,21.58263683
Ian Murray,IanMurrayMP,Male,Labour,Edinburgh South,Scotland,Scotland,Borough,66188,75.13748716,22.30957935
Joanna Cherry QC,joannaccherry,Female,Scottish National Party,Edinburgh South West,Scotland,Scotland,Borough,73501,70.92556564,22.98440467
Christine Jardine,cajardineMP,Female,Liberal Democrat,Edinburgh West,Scotland,Scotland,Borough,72507,75.21066931,6.911411439
Kate Osamor,KateOsamor,Female,Labour,Edmonton,London,England,Borough,65747,61.35793268,39.69906547
Justin Madders,justinmadders,Male,Labour,Ellesmere Port and Neston,North West,England,County,70327,69.31335049,17.97891109
Alec Shelbrooke,AlecShelbrooke,Male,Conservative,Elmet and Rothwell,Yorkshire and The Humber,England,County,80957,71.92089628,29.80334908
Clive Efford,CliveEfford,Male,Labour,Eltham,London,England,Borough,64086,68.17245576,7.31763144
Feryal Clark,FeryalClark,Female,Labour,Enfield North,London,England,Borough,68301,65.95803868,14.41065483
Bambos Charalambous,Bambos_MP,Male,Labour,"Enfield, Southgate",London,England,Borough,65525,72.14956124,9.412809882
Eleanor Laing,eleanor4epping,Female,Conservative,Epping Forest,East,England,County,74304,67.65180879,44.10957269
Chris Grayling,,Male,Con,Epsom and Ewell,South East,England,Borough,81138,73.27146343,30.06341357
Maggie Throup,maggie_erewash,Female,Conservative,Erewash,East Midlands,England,County,72523,67.30830219,21.72737329
Abena Oppong-Asare,abenaopp,Female,Labour,Erith and Thamesmead,London,England,Borough,65399,63.27925503,9.080804176
Dominic Raab,DominicRaab,Male,Conservative,Esher and Walton,South East,England,Borough,81184,77.7049665,4.348170693
Ben Bradshaw,BenPBradshaw,Male,Labour,Exeter,South West,England,Borough,82054,68.48173154,18.5133115
Johnny McNally,JohnMcNallySNP,Male,Scottish National Party,Falkirk,Scotland,Scotland,County,84472,66.14262714,26.75400916
Suella Fernandes,SuellaBraverman,Female,Conservative,Fareham,South East,England,County,78337,73.08168554,45.5650655
Helen Whately,Helen_Whately,Female,Conservative,Faversham and Mid Kent,South East,England,County,73403,68.65386973,43.60836608
Seema Malhotra,SeemaMalhotra1,Female,Labour,Feltham and Heston,London,England,Borough,80934,59.07406035,16.43763987
Michelle Gildernew,gildernewm,Female,Sinn Féin,Fermanagh and South Tyrone,Northern Ireland,Northern Ireland,County,72848,69.68207775,0.11228872
Jack Lopresti,JackLopresti,Male,Conservative,Filton and Bradley Stoke,South West,England,County,74016,72.62213575,10.50379521
Mike Freer,,Male,Con,Finchley and Golders Green,London,England,Borough,77573,71.04147061,11.90731097
Damian Collins,DamianCollins,Male,Conservative,Folkestone and Hythe,South East,England,County,88272,66.84452601,36.16134226
Mark Harper,Mark_J_Harper,Male,Conservative,Forest of Dean,South West,England,County,71438,72.05548868,30.82855755
Colum Eastwood,columeastwood,Male,Social Democratic and Labour Party,Foyle,Northern Ireland,Northern Ireland,County,74346,63.41161596,36.29305956
Mark Menzies,,Male,Con,Fylde,North West,England,County,66847,69.79969183,35.60084871
Edward Leigh,EdwardLeighMP,Male,Conservative,Gainsborough,East Midlands,England,County,76343,66.86402159,44.99275164
Maria Eagle,meaglemp,Female,Labour,Garston and Halewood,North West,England,Borough,76116,70.05885753,59.30315418
Ian Mearns,IanMearnsMP,Male,Labour,Gateshead,North East,England,Borough,64449,59.18633338,18.87534408
Tom Randall,Tom_Randall,Male,Conservative,Gedling,East Midlands,England,County,71336,70.02495234,1.359277721
Rehman Chishti,Rehman_Chishti,Male,Conservative,Gillingham and Rainham,South East,England,Borough,73549,62.48623367,32.89742809
Alison Thewliss,alisonthewliss,Female,Scottish National Party,Glasgow Central,Scotland,Scotland,Borough,69230,57.93008811,16.14262561
David Linden,DavidLinden,Male,Scottish National Party,Glasgow East,Scotland,Scotland,Borough,67381,57.11253914,14.46352935
Patrick Grady,GradySNP,Male,Scottish National Party,Glasgow North,Scotland,Scotland,Borough,57130,63.34850341,15.47622337
Anne McLaughlin,AnneMcLaughlin,Female,Scottish National Party,Glasgow North East,Scotland,Scotland,Borough,61075,55.54645927,7.510685335
Carol Monaghan,CMonaghanSNP,Female,Scottish National Party,Glasgow North West,Scotland,Scotland,Borough,63402,62.67152456,21.03686926
Stewart Malcolm McDonald,StewartMcDonald,Male,Scottish National Party,Glasgow South,Scotland,Scotland,Borough,70891,66.92386904,18.98067154
Chris Stephens,ChrisStephens,Male,Scottish National Party,Glasgow South West,Scotland,Scotland,Borough,64575,57.06078204,13.29823323
Peter Grant,PeterGrantMP,Male,Scottish National Party,Glenrothes,Scotland,Scotland,County,65672,63.2628822,28.29875319
Richard Graham,RichardGrahamUK,Male,Conservative,Gloucester,South West,England,Borough,81319,66.11493009,19.1150212
Richard Gordon Thomson,RThomsonMP,Male,Scottish National Party,Gordon,Scotland,Scotland,County,79629,70.22064826,1.464697046
Caroline Dinenage,cj_dinenage,Female,Conservative,Gosport,South East,England,Borough,73541,65.88569641,48.04243287
Tonia Antoniazzi,ToniaAntoniazzi,Female,Labour,Gower,Wales,Wales,County,61762,72.02163142,4.129760353
Gareth Davies,GarethDavies_MP,Male,Conservative,Grantham and Stamford,East Midlands,England,County,81502,68.7136512,46.43144117
Adam Holloway,,Male,Con,Gravesham,South East,England,County,73242,64.93541957,32.7607233
Lia Nici,lia_nici,Female,Conservative,Great Grimsby,Yorkshire and The Humber,England,Borough,61409,53.87972447,22.1567383
Brandon Lewis,BrandonLewis,Male,Conservative,Great Yarmouth,East,England,County,71957,60.39996109,40.6400994
Matthew Pennycook,mtpennycook,Male,Labour,Greenwich and Woolwich,London,England,Borough,79997,66.40249009,34.75903614
Angela Richardson,AJRichardsonMP,Female,Conservative,Guildford,South East,England,County,77729,75.45575011,5.68958756
Diane Abbott,HackneyAbbott,Female,Labour,Hackney North and Stoke Newington,London,England,Borough,92462,61.4998594,58.36381542
Meg Hillier,Meg_HillierMP,Female,Labour,Hackney South and Shoreditch,London,England,Borough,89387,60.9025921,62.42767134
James Morris,JamesMorris,Male,Conservative,Halesowen and Rowley Regis,West Midlands,England,Borough,68300,61.99853587,28.51340182
Holly Lynch,HollyLynch5,Female,Labour,Halifax,Yorkshire and The Humber,England,Borough,71887,64.62642759,5.529725774
David Davis,DavidDavisMP,Male,Conservative,Haltemprice and Howden,Yorkshire and The Humber,England,County,71083,70.02940225,40.8385062
Derek Twigg,DerekTwiggMP,Male,Labour,Halton,North West,England,County,71930,64.23328236,41.06876177
Andy Slaughter,hammersmithandy,Male,Labour,Hammersmith,London,England,Borough,74759,69.51136318,34.34360928
Tulip Siddiq,TulipSiddiq,Female,Labour,Hampstead and Kilburn,London,England,Borough,86571,66.28663178,24.72423107
Neil O'Brien,NeilDotObrien,Male,Conservative,Harborough,East Midlands,England,County,80151,71.51376776,30.14358241
Robert Halfon,halfon4harlowMP,Male,Conservative,Harlow,East,England,County,68078,63.6828344,32.43760668
Andrew Jones,AJonesMP,Male,Conservative,Harrogate and Knaresborough,Yorkshire and The Humber,England,County,77941,73.05141068,16.99246536
Bob Blackman,BobBlackman,Male,Conservative,Harrow East,London,England,Borough,72106,68.63645189,16.50805197
Gareth Thomas,GarethThomasMP,Male,Labour,Harrow West,London,England,Borough,72464,66.13214838,18.13780727
Mike Hill,MikeHillMP,Male,Labour,Hartlepool,North East,England,Borough,70855,57.91687249,8.760386968
Bernard Jenkin,bernardjenkin,Male,Conservative,Harwich and North Essex,East,England,County,74153,70.07538468,38.83917403
Sally-Ann Hart,SallyAnn1066,Female,Conservative,Hastings and Rye,South East,England,County,80524,67.4010233,7.449239046
Alan Mak,AlanMakMP,Male,Conservative,Havant,South East,England,Borough,72103,63.74075975,47.41617529
John McDonnell,johnmcdonnellMP,Male,Labour,Hayes and Harlington,London,England,Borough,72357,60.80130464,21.05059781
William Wragg,William_Wragg,Male,Conservative,Hazel Grove,North West,England,County,63346,69.88444416,9.991190223
Mike Penning,,Male,Con,Hemel Hempstead,East,England,County,74035,69.25238063,28.40397106
Jon Trickett,jon_trickett,Male,Labour,Hemsworth,Yorkshire and The Humber,England,County,73726,59.55429564,2.687498577
Matthew Offord,Offord4Hendon,Male,Conservative,Hendon,London,England,Borough,82661,66.62755108,7.680435769
John Howell,JHowellUK,Male,Conservative,Henley,South East,England,County,76646,76.66283955,23.91633622
Jesse Norman,Jesse_Norman,Male,Conservative,Hereford and South Herefordshire,West Midlands,England,County,72085,68.87147118,39.65274141
Julie Marson,JulieMarsonMP,Female,Conservative,Hertford and Stortford,East,England,County,81765,73.49599462,32.64885013
Oliver Dowden,OliverDowden,Male,Conservative,Hertsmere,East,England,County,73971,70.57225129,40.82715553
Guy Opperman,GuyOpperman,Male,Conservative,Hexham,North East,England,County,61324,75.25601722,22.85807151
Chris Clarkson,ChrisClarksonMP,Male,Conservative,Heywood and Middleton,North West,England,County,80162,59.24003892,1.396142183
Robert Largan,robertlargan,Male,Conservative,High Peak,East Midlands,England,County,74265,72.94553289,1.089103428
Bim Afolami,BimAfolami,Male,Conservative,Hitchin and Harpenden,East,England,County,76323,77.13402251,11.71204838
Keir Starmer,Keir_Starmer,Male,Labour,Holborn and St Pancras,London,England,Borough,86061,65.98343036,48.89057162
Julia Lopez,JuliaLopezMP,Female,Conservative,Hornchurch and Upminster,London,England,Borough,80765,66.82845292,43.18375514
Catherine West,CatherineWest1,Female,Labour,Hornsey and Wood Green,London,England,Borough,81814,74.68770626,31.4900581
Jeremy Quin,,Male,Con,Horsham,South East,England,County,86730,72.91825205,33.40659688
Bridget Phillipson,bphillipsonMP,Female,Labour,Houghton and Sunderland South,North East,England,Borough,68835,57.8354035,7.824470624
Peter Kyle,peterkyle,Male,Labour,Hove,South East,England,Borough,74313,75.8830891,30.22468124
Barry Sheerman,BarrySheerman,Male,Labour,Huddersfield,Yorkshire and The Humber,England,Borough,65525,63.91758871,11.78788023
Jonathan Djanogly,JDjanogly,Male,Conservative,Huntingdon,East,England,County,84657,69.86663832,32.77089286
Sara Britcliffe,SarBritcliffeMP,Female,Conservative,Hyndburn,North West,England,Borough,70842,59.85997007,6.958920907
Wes Streeting,wesstreeting,Male,Labour,Ilford North,London,England,Borough,72973,68.67471531,10.41226005
Sam Tarry,SamTarry,Male,Labour,Ilford South,London,England,Borough,84972,62.93484913,45.06797315
Ronnie Cowan,ronniecowan,Male,Scottish National Party,Inverclyde,Scotland,Scotland,County,60622,65.82263865,18.82565221
Drew Hendry,drewhendrySNP,Male,Scottish National Party,"Inverness, Nairn, Badenoch and Strathspey",Scotland,Scotland,County,78059,70.21611858,19.04761905
Tom Hunt,tomhunt1988,Male,Conservative,Ipswich,East,England,Borough,75525,65.64581264,11.05104984
Bob Seely,IoWBobSeely,Male,Conservative,Isle of Wight,South East,England,County,113021,65.86563559,31.88656941
Jeremy Corbyn,jeremycorbyn,Male,Independent,Islington North,London,England,Borough,75162,71.58537559,48.6720565
Emily Thornberry,EmilyThornberry,Female,Labour,Islington South and Finsbury,London,England,Borough,70489,67.83469761,36.23891584
Chris Evans,Chris_EvansMP,Male,Labour,Islwyn,Wales,Wales,County,55423,61.97787922,15.90684134
Kate Osborne,KateOsborneMP,Female,Labour,Jarrow,North East,England,Borough,65103,62.57161728,17.47839749
Robbie Moore,_RobbieMoore,Male,Conservative,Keighley,Yorkshire and The Humber,England,County,72778,72.27458847,4.216730038
Jeremy Wright,,Male,Con,Kenilworth and Southam,West Midlands,England,County,68154,77.17375356,38.69612335
Felicity Buchan,FelicityBuchan,Female,Conservative,Kensington,London,England,Borough,64609,67.73359749,0.342763128
Philip Hollobone,,Male,Con,Kettering,East Midlands,England,County,73164,67.46624023,33.9640607
Alan Brown,AlanBrownSNP,Male,Scottish National Party,Kilmarnock and Loudoun,Scotland,Scotland,County,74517,63.9196425,26.57722912
Edward Davey,EdwardJDavey,Male,Liberal Democrat,Kingston and Surbiton,London,England,Borough,81975,74.22506862,17.23860237
Karl Turner,KarlTurnerMP,Male,Labour,Kingston upon Hull East,Yorkshire and The Humber,England,Borough,65745,49.34519735,3.819123359
Diana Johnson,DianaJohnsonMP,Female,Labour,Kingston upon Hull North,Yorkshire and The Humber,England,Borough,65515,52.20636495,22.19980703
Emma Hardy,EmmaHardyMP,Female,Labour,Kingston upon Hull West and Hessle,Yorkshire and The Humber,England,Borough,60192,52.09330144,9.108304631
Chris Skidmore,CSkidmoreUK,Male,Conservative,Kingswood,South West,England,Borough,68972,71.49857913,22.75215963
Neale Hanvey,JNHanvey,Male,Scottish National Party,Kirkcaldy and Cowdenbeath,Scotland,Scotland,County,72853,64.52033547,2.644399532
George Howarth,,Male,Lab,Knowsley,North West,England,Borough,84082,65.33859804,72.70377516
Jeffrey M. Donaldson,J_Donaldson_MP,Male,Democratic Unionist Party,Lagan Valley,Northern Ireland,Northern Ireland,County,75735,59.95246583,14.31340161
Angela Crawley,,Female,SNP,Lanark and Hamilton East,Scotland,Scotland,County,77659,68.3397932,9.773515225
Cat Smith,CatSmithMP,Female,Labour,Lancaster and Fleetwood,North West,England,County,70059,64.54416991,5.263274287
Hilary Benn,hilarybennmp,Male,Labour,Leeds Central,Yorkshire and The Humber,England,Borough,90971,54.17550648,39.09991072
Richard Burgon,RichardBurgon,Male,Labour,Leeds East,Yorkshire and The Humber,England,Borough,67286,58.03881937,14.16316706
Fabian Hamilton,FabianLeedsNE,Male,Labour,Leeds North East,Yorkshire and The Humber,England,Borough,70580,71.55001417,33.83960396
Alex Sobel,alexsobel,Male,Labour,Leeds North West,Yorkshire and The Humber,England,Borough,67741,72.75209991,21.81076639
Rachel Reeves,RachelReevesMP,Female,Labour,Leeds West,Yorkshire and The Humber,England,Borough,67727,59.47554151,26.22576401
Claudia Webbe,ClaudiaWebbe,Female,Independent,Leicester East,East Midlands,England,Borough,78433,63.01046753,12.1790332
Jonathan Ashworth,JonAshworth,Male,Labour,Leicester South,East Midlands,England,Borough,77708,64.53260926,45.21706184
Liz Kendall,leicesterliz,Female,Labour,Leicester West,East Midlands,England,Borough,64940,53.54943024,12.11214953
James Grundy,,Male,Con,Leigh,North West,England,County,77417,60.68305411,4.182719939
Maria Caulfield,mariacaulfield,Female,Conservative,Lewes,South East,England,County,71503,76.71146665,4.47940785
Janet Daby,JanetDaby,Female,Labour,Lewisham East,London,England,Borough,67857,66.04329693,37.95157871
Ellie Reeves,elliereeves,Female,Labour,Lewisham West and Penge,London,England,Borough,74617,69.82323063,41.34932821
Vicky Foxcroft,vickyfoxcroft,Female,Labour,"Lewisham, Deptford",London,England,Borough,80631,68.66837817,59.44408322
John Cryer,JohnCryerMP,Male,Labour,Leyton and Wanstead,London,England,County,64852,68.69024857,46.71021618
Michael Fabricant,Mike_Fabricant,Male,Conservative,Lichfield,West Midlands,England,County,76616,70.47222512,43.77974923
Karl McCartney,karlmccartney,Male,Conservative,Lincoln,East Midlands,England,Borough,74942,67.55757786,6.940686168
Martyn Day,MartynDaySNP,Male,Scottish National Party,Linlithgow and East Falkirk,Scotland,Scotland,County,87044,66.37447728,19.49978364
Kim Johnson,KimJohnsonMP,Female,Labour,"Liverpool, Riverside",North West,England,Borough,80310,65.73154028,70.1718161
Dan Carden,DanCardenMP,Male,Labour,"Liverpool, Walton",North West,England,Borough,62628,65.12422559,74.82959839
Paula Barker,PaulaBarkerMP,Female,Labour,"Liverpool, Wavertree",North West,England,Borough,63458,68.3554477,62.44092491
Ian Byrne,IanByrneMP,Male,Labour,"Liverpool, West Derby",North West,England,Borough,65640,67.01553931,68.16249517
Hannah Bardell,HannahB4LiviMP,Female,Scottish National Party,Livingston,Scotland,Scotland,County,82285,66.34502036,24.60983294
Nia Griffith,NiaGriffithMP,Female,Labour,Llanelli,Wales,Wales,County,60518,63.17624508,12.21457903
Jane Hunt,JaneMHunt,Female,Conservative,Loughborough,East Midlands,England,County,79764,68.49079785,13.12258608
Victoria Atkins,,Female,Con,Louth and Horncastle,East Midlands,England,County,79634,65.71564909,55.16318887
Philip Dunne,Dunne4Ludlow,Male,Conservative,Ludlow,West Midlands,England,County,69444,72.32446288,47.08412145
Sarah Owen,SarahOwen_,Female,Labour,Luton North,East,England,Borough,68185,62.46095182,21.7121792
Rachel Hopkins,rach_hopkins,Female,Labour,Luton South,East,England,Borough,69338,60.66514754,20.81589958
David Rutley,DavidRutley,Male,Conservative,Macclesfield,North West,England,County,76216,70.67676079,19.88415913
Theresa May,theresa_may,Female,Conservative,Maidenhead,South East,England,County,76668,73.68393593,33.36047582
Helen Grant,HelenGrantMP,Female,Conservative,Maidstone and The Weald,South East,England,County,76109,67.90261336,42.12848297
Yvonne Fovargue,Y_FovargueMP,Female,Labour,Makerfield,North West,England,County,74190,59.65628791,10.70968617
John Whittingdale,JWhittingdale,Male,Conservative,Maldon,East,England,County,72438,69.58778542,59.5956991
Lucy Powell,LucyMPowell,Female,Labour,Manchester Central,North West,England,Borough,92247,56.68368619,55.6312035
Afzal Khan,Afzal4Gorton,Male,Labour,"Manchester, Gorton",North West,England,Borough,76419,58.2904775,68.10865417
Jeff Smith,JeffSmithetc,Male,Labour,"Manchester, Withington",North West,England,Borough,76530,69.24735398,52.65591093
Ben Bradley,BBradley_Mans,Male,Conservative,Mansfield,East Midlands,England,County,77131,63.88222634,33.09317476
Flick Drummond,,Female,Con,Meon Valley,South East,England,County,75737,72.39394219,42.96084189
Saqib Bhatti,bhatti_saqib,Male,Conservative,Meriden,West Midlands,England,County,85368,63.44414769,42.16318015
Gerald Jones,GeraldJonesLAB,Male,Labour,Merthyr Tydfil and Rhymney,Wales,Wales,County,56322,57.25293846,32.8909012
Nadine Dorries,,Female,Con,Mid Bedfordshire,East,England,County,87795,73.71376502,38.11054282
Pauline Latham,Pauline_Latham,Female,Conservative,Mid Derbyshire,East Midlands,England,County,67442,73.18288307,31.17148878
Michael Tomlinson,Michael4MDNP,Male,Conservative,Mid Dorset and North Poole,South West,England,County,65427,74.78563896,30.44757817
George Freeman,GeorgeFreemanMP,Male,Conservative,Mid Norfolk,East,England,County,82203,68.35030352,40.21286441
Mims Davies,mimsdavies,Female,Conservative,Mid Sussex,South East,England,County,85146,73.71103751,28.99365858
Francie Molloy,FrancieMolloy,Male,Sinn Féin,Mid Ulster,Northern Ireland,Northern Ireland,County,70449,63.33659811,21.3738234
Nigel Huddleston,HuddlestonNigel,Male,Conservative,Mid Worcestershire,West Midlands,England,County,78220,71.75019177,49.92249167
Andy McDonald,AndyMcDonaldMP,Male,Labour,Middlesbrough,North East,England,Borough,60764,56.11381739,24.62093439
Simon Clarke,SimonClarkeMP,Male,Conservative,Middlesbrough South and East Cleveland,North East,England,County,72348,66.09305026,24.31352866
Owen Thompson,OwenThompson,Male,Scottish National Party,Midlothian,Scotland,Scotland,County,70544,68.35591971,11.83094502
Ben Everitt,Ben_Everitt,Male,Conservative,Milton Keynes North,South East,England,County,91545,68.31940576,10.00111923
Iain Stewart,iainastewart,Male,Conservative,Milton Keynes South,South East,England,Borough,96363,66.42279713,10.84881341
Siobhain McDonagh,Siobhain_Mc,Female,Labour,Mitcham and Morden,London,England,Borough,70021,65.32468831,36.03331803
Paul Beresford,,Male,Con,Mole Valley,South East,England,County,74665,76.48831447,21.08387323
David T. C. Davies,DavidTCDavies,Male,Conservative,Monmouth,Wales,Wales,County,67098,74.84127694,19.87773065
Craig Williams,craig4monty,Male,Conservative,Montgomeryshire,Wales,Wales,County,48997,69.82876503,35.47670544
Douglas Ross,Douglas4Moray,Male,Conservative,Moray,Scotland,Scotland,County,71035,68.73372281,1.050691244
David Morris,davidmorrisml,Male,Conservative,Morecambe and Lunesdale,North West,England,County,67397,67.22851165,14.02339439
Andrea Jenkyns,andreajenkyns,Female,Conservative,Morley and Outwood,Yorkshire and The Humber,England,County,78803,65.8985064,21.69651454
Marion Fellows,marionfellows,Female,Scottish National Party,Motherwell and Wishaw,Scotland,Scotland,Borough,68856,64.51144417,14.11076092
Angus MacNeil,AngusMacNeilSNP,Male,Scottish National Party,Na h-Eileanan an Iar,Scotland,Scotland,County,21106,68.59186961,16.84050563
Christina Rees,Rees4Neath,Female,Labour,Neath,Wales,Wales,County,56419,65.14826566,15.33627163
Julian Lewis,,Male,Con,New Forest East,South East,England,County,73549,69.05056493,49.72039538
Desmond Swayne,DesmondSwayne,Male,Conservative,New Forest West,South East,England,County,70869,70.98449251,48.50912416
Robert Jenrick,RobertJenrick,Male,Conservative,Newark,East Midlands,England,County,75850,72.19775873,39.83784376
Laura Farris,Laura__Farris,Female,Conservative,Newbury,South East,England,County,83414,71.92797372,26.74589153
Chi Onwurah,ChiOnwurah,Female,Labour,Newcastle upon Tyne Central,North East,England,Borough,57845,64.78347307,32.76404974
Nicholas Brown,,Male,Lab,Newcastle Upon Tyne East,North East,England,Borough,63796,67.97448116,35.65778854
Catherine McKinnell,CatMcKinnell,Female,Labour,Newcastle upon Tyne North,North East,England,Borough,68486,68.62570452,12.26621843
Aaron Bell,AaronBell4NUL,Male,Conservative,Newcastle-under-Lyme,West Midlands,England,Borough,68211,65.58912785,16.64319721
Jessica Morden,jessicamordenmp,Female,Labour,Newport East,Wales,Wales,County,58554,61.96331591,5.490325781
Ruth Jones,RuthNewportWest,Female,Labour,Newport West,Wales,Wales,County,66657,65.15894805,2.076761909
Mickey Brady,MickeyBradySF,Male,Sinn Féin,Newry and Armagh,Northern Ireland,Northern Ireland,County,81226,62.51569694,18.2890565
Anne Marie Morris,AnneMarieMorris,Female,Conservative,Newton Abbot,South West,England,County,72529,72.46204966,33.2997184
Yvette Cooper,YvetteCooperMP,Female,Labour,"Normanton, Pontefract and Castleford",Yorkshire and The Humber,England,County,84527,57.09299987,2.644066392
Ian Paisley,,Male,DUP,North Antrim,Northern Ireland,Northern Ireland,County,77134,57.10970519,28.87789153
Patricia Gibson,PGibsonSNP,Female,Scottish National Party,North Ayrshire and Arran,Scotland,Scotland,County,73534,65.48535371,17.69531088
Scott Mann,scottmann4NC,Male,Conservative,North Cornwall,South West,England,County,69935,73.89433045,28.54599636
Selaine Saxby,SelaineSaxby,Female,Conservative,North Devon,South West,England,County,75859,73.26882769,26.65119375
Simon Hoare,Simon4NDorset,Male,Conservative,North Dorset,South West,England,County,76765,73.08929851,43.31188622
Stephen Farry,StephenFarryMP,Male,Alliance Party of Northern Ireland,North Down,Northern Ireland,Northern Ireland,County,67099,60.57169257,7.302610536
Kevan Jones,KevanJonesMP,Male,Labour,North Durham,North East,England,County,66796,63.1699503,11.23829838
Richard Fuller,,Male,Con,North East Bedfordshire,East,England,County,90678,71.70206665,37.34811898
Stephen Barclay,SteveBarclay,Male,Conservative,North East Cambridgeshire,East,England,County,83699,63.27913117,56.62903104
Lee Benjamin Rowley,Lee4NED,Male,Conservative,North East Derbyshire,East Midlands,England,County,72345,68.03096275,26.1616921
Wendy Chamberlain,wendychambLD,Female,Liberal Democrat,North East Fife,Scotland,Scotland,County,60905,75.32714884,2.868477266
Ranil Jayawardena,TeamRanil,Male,Conservative,North East Hampshire,South East,England,County,78954,75.06902754,34.0998819
Oliver Heald QC,OliverHealdUK,Male,Conservative,North East Hertfordshire,East,England,County,76123,72.68105566,32.8754496
Jacob Rees-Mogg,Jacob_Rees_Mogg,Male,Conservative,North East Somerset,South West,England,County,73692,76.40992238,26.15791717
Bill Wiggin,,Male,Con,North Herefordshire,West Midlands,England,County,70252,72.64277174,48.70573942
Duncan Charles Baker,duncancbaker,Male,Conservative,North Norfolk,East,England,County,70729,71.85595725,28.32379041
Owen Paterson,OwenPaterson,Male,Conservative,North Shropshire,West Midlands,England,County,83258,67.87696077,40.6083556
Dr Liam Fox,LiamFox,Male,Conservative,North Somerset,South West,England,County,80194,77.38110083,28.25880268
Justin Tomlinson,JustinTomlinson,Male,Conservative,North Swindon,South West,England,County,82441,66.85387125,29.34046993
Roger Gale,SirRogerGale,Male,Conservative,North Thanet,South East,England,County,72756,66.21859366,35.67811034
Mary Glindon,GlindonMary,Female,Labour,North Tyneside,North East,England,Borough,78902,63.91346227,18.95932896
Craig Tracey,craig4nwarks,Male,Conservative,North Warwickshire,West Midlands,England,County,70271,65.33847533,39.10789737
Shailesh Vara,ShaileshVara,Male,Conservative,North West Cambridgeshire,East,England,County,94909,67.99460536,40.26312119
Richard Holden,RicHolden,Male,Conservative,North West Durham,North East,England,County,72166,66.04633761,2.40018463
Kit Malthouse,kitmalthouse,Male,Conservative,North West Hampshire,South East,England,County,83083,70.91462754,44.65188907
Andrew Bridgen,ABridgen,Male,Conservative,North West Leicestershire,East Midlands,England,County,78935,68.18394882,37.9034206
James Wild,jamesowild,Male,Conservative,North West Norfolk,East,England,County,72080,64.65316315,42.74923823
James Gray,JGray,Male,Conservative,North Wiltshire,South West,England,County,73280,74.72434498,32.1889039
Michael Ellis,Michael_Ellis1,Male,Conservative,Northampton North,East Midlands,England,Borough,58768,67.27981214,13.92802044
Andrew Lewer,ALewerMBE,Male,Conservative,Northampton South,East Midlands,England,Borough,62163,65.69020157,11.50238766
Chloe Smith,NorwichChloe,Female,Conservative,Norwich North,East,England,Borough,67172,68.90519859,10.23657772
Clive Lewis,labourlewis,Male,Labour,Norwich South,East,England,Borough,77845,66.37934357,24.69374722
Nadia Whittome,NadiaWhittomeMP,Female,Labour,Nottingham East,East Midlands,England,Borough,66262,60.37246084,43.47815218
Alex Norris,AlexNorrisNN,Male,Labour,Nottingham North,East Midlands,England,Borough,66495,53.1167757,12.71234428
Lilian Greenwood,LilianGreenwood,Female,Labour,Nottingham South,East Midlands,England,Borough,79485,60.55733786,26.11044168
Marcus Jones,Marcus4Nuneaton,Male,Conservative,Nuneaton,West Midlands,England,County,70226,64.34938627,29.08608099
John Nicolson,MrJohnNicolson,Male,Scottish National Party,Ochil and South Perthshire,Scotland,Scotland,County,78776,73.38910328,7.780257036
Chris Elmore,CPJElmore,Male,Labour,Ogmore,Wales,Wales,County,57581,61.4612459,22.05425261
James Brokenshire,JBrokenshire,Male,Conservative,Old Bexley and Sidcup,London,England,Borough,66104,69.80666828,41.07053852
Debbie Abrahams,Debbie_abrahams,Female,Labour,Oldham East and Saddleworth,North West,England,County,72120,64.00998336,3.247118967
Jim McMahon,JimfromOldham,Male,Labour,Oldham West and Royton,North West,England,Borough,72999,60.86932698,25.04163478
Alistair Carmichael,amcarmichaelMP,Male,Liberal Democrat,Orkney and Shetland,Scotland,Scotland,County,34211,67.69752419,10.82469775
Gareth Bacon,GarethBaconMP,Male,Conservative,Orpington,London,England,Borough,68877,70.73623996,45.93091275
Anneliese Dodds,AnnelieseDodds,Female,Labour,Oxford East,South East,England,Borough,78303,63.03589901,36.12715006
Layla Moran,LaylaMoran,Female,Liberal Democrat,Oxford West and Abingdon,South East,England,County,76951,76.44345103,15.20297838
Gavin Newlands,GavNewlandsSNP,Male,Scottish National Party,Paisley and Renfrewshire North,Scotland,Scotland,County,72007,68.99606983,23.95636247
Mhairi Black,MhairiBlack,Female,Scottish National Party,Paisley and Renfrewshire South,Scotland,Scotland,County,64385,66.91620719,24.78646365
Andrew Stephenson,Andrew4Pendle,Male,Conservative,Pendle,North West,England,Borough,65292,68.09410035,13.91363023
Miriam Cates,,Female,Con,Penistone and Stocksbridge,Yorkshire and The Humber,England,County,70925,69.82023264,14.55977383
Neil Hudson,DrNeilHudson,Male,Conservative,Penrith and The Border,North West,England,County,67555,70.79268744,38.7232352
Pete Wishart,PeteWishart,Male,Scottish National Party,Perth and North Perthshire,Scotland,Scotland,County,72600,74.48484848,13.9618315
Paul Bristow,paulbristow79,Male,Conservative,Peterborough,East,England,Borough,72560,65.87789416,5.397376624
Johnny Mercer,JohnnyMercerUK,Male,Conservative,"Plymouth, Moor View",South West,England,Borough,69430,63.71741322,29.15300979
Luke Pollard,LukePollard,Male,Labour,"Plymouth, Sutton and Devonport",South West,England,Borough,77852,68.30396136,8.945765007
Alex Davies-Jones,AlexDaviesJones,Female,Labour,Pontypridd,Wales,Wales,County,60327,64.74712815,15.07168459
Robert Syms,RobertSyms,Male,Conservative,Poole,South West,England,Borough,73989,68.18716296,37.89023012
Apsana Begum,ApsanaBegumMP,Female,Labour,Poplar and Limehouse,London,England,Borough,91836,66.72328934,47.17018082
Penny Mordaunt,PennyMordaunt,Female,Conservative,Portsmouth North,South East,England,Borough,71299,64.39080492,34.3715966
Stephen Morgan,StephenMorganMP,Male,Labour,Portsmouth South,South East,England,Borough,74186,63.92715607,11.30838166
Stephen Crabb,SCrabbPembs,Male,Conservative,Preseli Pembrokeshire,Wales,Wales,County,59606,71.16565446,11.93333176
Mark Hendrick,MpHendrick,Male,Labour,Preston,North West,England,Borough,59672,56.62622335,35.94554602
Stuart Andrew,StuartAndrew,Male,Conservative,Pudsey,Yorkshire and The Humber,England,Borough,73212,74.05206797,6.487134557
Fleur Anderson,PutneyFleur,Female,Labour,Putney,London,England,Borough,65556,76.9830374,9.459646898
Mark Francois,,Male,Con,Rayleigh and Wickford,East,England,County,78930,69.55656911,56.46527386
Matt Rodda,MattRodda,Male,Labour,Reading East,South East,England,Borough,77152,72.47770635,10.59408419
Alok Sharma,AlokSharma_RDG,Male,Conservative,Reading West,South East,England,County,74137,67.97145825,8.169947611
Jacob Young,JacobYoungMP,Male,Conservative,Redcar,North East,England,Borough,65864,62.00959553,8.635718133
Rachel Maclean,redditchrachel,Female,Conservative,Redditch,West Midlands,England,County,65391,67.3900078,36.39004244
Crispin Blunt,CrispinBlunt,Male,Conservative,Reigate,South East,England,Borough,74242,71.59828668,34.44578223
Chris Bryant,RhonddaBryant,Male,Labour,Rhondda,Wales,Wales,County,50262,58.97497115,38.59388705
Nigel Evans,nigelmp,Male,Conservative,Ribble Valley,North West,England,County,79247,69.76163136,33.35323059
Rishi Sunak,RishiSunak,Male,Conservative,Richmond (Yorks),Yorkshire and The Humber,England,County,82569,69.88458138,47.15526056
Sarah Olney,sarahjolney1,Female,Liberal Democrat,Richmond Park,London,England,Borough,82699,78.67930688,11.93538968
Tony Lloyd,tony4rochdale,Male,Labour,Rochdale,North West,England,County,78909,60.12875591,20.37642001
Kelly Tolhurst,KellyTolhurst,Female,Conservative,Rochester and Strood,South East,England,County,82056,63.28117383,32.87755652
James Duddridge,JamesDuddridge,Male,Conservative,Rochford and Southend East,East,England,County,75624,61.0070877,26.62996359
Andrew Rosindell,AndrewRosindell,Male,Conservative,Romford,London,England,Borough,72350,65.2812716,37.88401685
Caroline Nokes,carolinenokes,Female,Conservative,Romsey and Southampton North,South East,England,County,68228,75.32098259,21.1558669
Ian Blackford,Ianblackford_MP,Male,Scottish National Party,"Ross, Skye and Lochaber",Scotland,Scotland,County,54230,73.51834778,23.6850686
Jake Berry,JakeBerry,Male,Conservative,Rossendale and Darwen,North West,England,Borough,72770,67.09083413,19.50350252
Alexander Stafford,Alex_Stafford,Male,Conservative,Rother Valley,Yorkshire and The Humber,England,County,74804,65.10079675,12.97383876
Sarah Champion,SarahChampionMP,Female,Labour,Rotherham,Yorkshire and The Humber,England,Borough,61688,57.79243937,8.754312642
Mark Pawsey,MarkPawsey,Male,Conservative,Rugby,West Midlands,England,County,72292,70.28993526,26.46317944
David Simmonds,DSimmonds_RNP,Male,Conservative,"Ruislip, Northwood and Pinner",London,England,Borough,72816,72.65436168,30.98820505
Ben Spencer,DrBenSpencer,Male,Conservative,Runnymede and Weybridge,South East,England,County,77196,69.0307788,34.2847492
Ruth Edwards,RuthEdwardsMP,Female,Conservative,Rushcliffe,East Midlands,England,County,77047,78.52998819,12.63201388
Margaret Ferrier,MargaretFerrier,Female,Independent,Rutherglen and Hamilton West,Scotland,Scotland,Borough,80918,66.47964606,9.72227386
Alicia Kearns,aliciakearns,Female,Conservative,Rutland and Melton,East Midlands,England,County,82705,70.50359712,46.17389813
Kemi Badenoch,KemiBadenoch,Female,Conservative,Saffron Walden,East,England,County,87017,72.49847731,43.74029103
Rebecca Long-Bailey,RLong_Bailey,Female,Labour,Salford and Eccles,North West,England,Borough,82202,61.5946084,32.24640544
John Glen,JohnGlenUK,Male,Conservative,Salisbury,South West,England,County,74556,72.06663448,36.73180718
Robert Goodwill,,Male,Con,Scarborough and Whitby,Yorkshire and The Humber,England,County,74404,66.82974034,20.65401014
Holly Mumby-Croft,,Female,Con,Scunthorpe,Yorkshire and The Humber,England,County,61955,60.93132112,17.08874172
Paul Howell,PaulHowellMP,Male,Conservative,Sedgefield,North East,England,County,64325,64.618733,10.85743155
Bill Esterson,Bill_Esterson,Male,Labour,Sefton Central,North West,England,County,69760,72.93577982,29.72091195
Nigel Adams,nadams,Male,Conservative,Selby and Ainsty,Yorkshire and The Humber,England,County,78398,71.9635705,35.69250948
Laura Trott,,Female,Con,Sevenoaks,South East,England,County,71757,71.01188734,40.85485517
Paul Blomfield,PaulBlomfieldMP,Male,Labour,Sheffield Central,Yorkshire and The Humber,England,Borough,89849,56.6650714,53.56785104
Clive Betts,,Male,Lab,Sheffield South East,Yorkshire and The Humber,England,Borough,67832,61.91473051,10.21239107
Gill Furniss,GillFurnissMP,Female,Labour,"Sheffield, Brightside and Hillsborough",Yorkshire and The Humber,England,Borough,69333,57.11565921,30.99494949
Olivia Frances Blake,_OliviaBlake,Female,Labour,"Sheffield, Hallam",Yorkshire and The Humber,England,County,72763,78.17846983,1.251648062
Louise Haigh,LouHaigh,Female,Labour,"Sheffield, Heeley",Yorkshire and The Humber,England,Borough,66940,63.78099791,19.9554983
Mark Spencer,Mark_Spencer,Male,Conservative,Sherwood,East Midlands,England,County,77888,67.67281224,30.7082282
Philip Davies,PhilipDaviesUK,Male,Conservative,Shipley,Yorkshire and The Humber,England,County,74029,72.94978995,11.55840308
Daniel Kawczynski,DKShrewsbury,Male,Conservative,Shrewsbury and Atcham,West Midlands,England,County,82238,71.82202875,18.99094218
Gordon Henderson,,Male,Con,Sittingbourne and Sheppey,South East,England,County,83917,61.24384809,47.63007355
Julian Smith,JulianSmithUK,Male,Conservative,Skipton and Ripon,Yorkshire and The Humber,England,County,78347,74.95373148,40.34806893
Dr Caroline Johnson,drcarolinej,Female,Conservative,Sleaford and North Hykeham,East Midlands,England,County,94761,70.23353489,48.93019202
Tanmanjit Singh Dhesi,TanDhesi,Male,Labour,Slough,South East,England,Borough,86818,58.78734825,26.72518516
Julian Knight,julianknight15,Male,Conservative,Solihull,West Midlands,England,Borough,78760,70.26917217,38.43777103
David Warburton,DJWarburton,Male,Conservative,Somerton and Frome,South West,England,County,85866,75.57822654,29.60583087
Paul Girvan,PaulGirvanMP,Male,Democratic Unionist Party,South Antrim,Northern Ireland,Northern Ireland,County,71711,59.92665003,6.257271839
Stephen Metcalfe,Metcalfe_SBET,Male,Conservative,South Basildon and East Thurrock,East,England,County,74441,60.84953184,43.98083758
Anthony Browne,ab4scambs,Male,Conservative,South Cambridgeshire,East,England,County,87288,76.67606086,4.338926325
Heather Wheeler,HeatherWheeler,Female,Conservative,South Derbyshire,East Midlands,England,County,79331,67.28895388,36.2207527
Richard Drax,,Male,Con,South Dorset,South West,England,County,73809,69.17584576,33.59512711
Christopher Hazzard,ChrisHazzardSF,Male,Sinn Féin,South Down,Northern Ireland,Northern Ireland,County,79175,62.8506473,3.255496162
Lucy Frazer,lucyfrazermp,Female,Conservative,South East Cambridgeshire,East,England,County,86769,74.20276827,17.84577153
Sheryll Murray,sheryllmurray,Female,Conservative,South East Cornwall,South West,England,County,71825,74.70240167,39.08489423
John Hayes,,Male,Con,South Holland and The Deepings,East Midlands,England,County,75975,64.73050346,62.70562639
Alberto Costa,AlbertoCostaMP,Male,Conservative,South Leicestershire,East Midlands,England,County,80520,71.37232986,41.76860568
Richard Bacon,richardbaconmp,Male,Conservative,South Norfolk,East,England,County,86214,72.47546802,34.04871647
Andrea Leadsom,andrealeadsom,Female,Conservative,South Northamptonshire,East Midlands,England,County,90842,73.65315603,41.49130149
Katherine Fletcher,K_Fletcher_MP,Female,Conservative,South Ribble,North West,England,County,75351,71.37795119,20.8221776
Emma Lewell-Buck,EmmaLewellBuck,Female,Labour,South Shields,North East,England,Borough,62793,60.32838055,25.30225437
Gavin Williamson,GavinWilliamson,Male,Conservative,South Staffordshire,West Midlands,England,County,73668,67.87886192,56.49435056
James Cartlidge,jc4southsuffolk,Male,Conservative,South Suffolk,East,England,County,76201,70.19461687,42.80693227
Robert Buckland,RobertBuckland,Male,Conservative,South Swindon,South West,England,County,73118,69.40288301,13.05521617
Craig Mackinlay,cmackinlay,Male,Conservative,South Thanet,South East,England,County,73223,65.9041558,21.93878608
Andrew Selous,AndrewSelous,Male,Conservative,South West Bedfordshire,East,England,County,79926,66.69544329,34.86033729
Gary Streeter,garystreeterSWD,Male,Conservative,South West Devon,South West,England,County,72535,73.57413662,40.15590159
Gagan Mohindra,gaganmohindra,Male,Conservative,South West Hertfordshire,East,England,County,80499,76.01460888,23.5459463
Elizabeth Truss,trussliz,Female,Conservative,South West Norfolk,East,England,County,78455,65.59938818,50.89768002
Jeremy Hunt,Jeremy_Hunt,Male,Conservative,South West Surrey,South East,England,County,79096,76.28704359,14.61219755
Dr Andrew Murrison,AWMurrison,Male,Conservative,South West Wiltshire,South West,England,County,77969,70.40618707,39.40249567
Royston Smith,Royston_Smith,Male,Conservative,"Southampton, Itchen",South East,England,Borough,72299,65.59011881,9.485249151
Dr Alan Whitehead,alanwhiteheadmp,Male,Labour,"Southampton, Test",South East,England,Borough,70116,64.17080267,13.8085078
David Amess,amessd_southend,Male,Conservative,Southend West,East,England,Borough,69043,67.40292282,31.06990137
Damien Moore,,Male,Con,Southport,North West,England,Borough,70837,68.01530274,8.607305936
Kwasi Kwarteng,KwasiKwarteng,Male,Conservative,Spelthorne,South East,England,Borough,70929,69.80219656,37.15007069
Daisy Cooper,libdemdaisy,Female,Liberal Democrat,St Albans,East,England,County,73727,78.1247033,10.9255369
Steve Double,stevedouble,Male,Conservative,St Austell and Newquay,South West,England,County,79930,69.78105843,29.62923121
Conor McGinn,ConorMcGinn,Male,Labour,St Helens North,North West,England,Borough,75593,62.91720133,25.67019196
Marie Rimmer,MarieRimmer,Female,Labour,St Helens South and Whiston,North West,England,Borough,79061,63.63820341,38.00608193
Derek Thomas,DerekThomasUK,Male,Conservative,St Ives,South West,England,County,68795,74.7336289,8.324742769
Theo Clarke,theodoraclarke,Female,Conservative,Stafford,West Midlands,England,County,72572,70.48035055,28.1080764
Karen Bradley,,Female,Con,Staffordshire Moorlands,West Midlands,England,County,65485,66.66564862,37.63056625
Jonathan Reynolds,jreynoldsMP,Male,Labour,Stalybridge and Hyde,North West,England,County,73064,57.98751779,6.953361027
Stephen McPartland,SMcPartland,Male,Conservative,Stevenage,East,England,County,71562,66.63173192,17.95608498
Alyn Smith,AlynSmith,Male,Scottish National Party,Stirling,Scotland,Scotland,County,68473,76.84780863,17.58646902
Nav Mishra,NavPMishra,Male,Labour,Stockport,North West,England,Borough,65391,63.79318255,24.06568381
Alex Cunningham,ACunninghamMP,Male,Labour,Stockton North,North East,England,Borough,66649,61.75036385,2.495383419
Matt Vickers,Matt_VickersMP,Male,Conservative,Stockton South,North East,England,Borough,76870,71.29179134,9.598189847
Jo Gideon,jogideon,Female,Conservative,Stoke-on-Trent Central,West Midlands,England,Borough,55419,57.86824013,2.089179919
Jonathan Gullis,,Male,Con,Stoke-On-Trent North,West Midlands,England,Borough,68298,58.76306773,15.66253052
Jack Brereton,,Male,Con,Stoke-On-Trent South,West Midlands,England,Borough,64491,61.41011924,28.45924654
William Cash,BillCashMP,Male,Conservative,Stone,West Midlands,England,County,69378,71.84265906,40.01564914
Suzanne Webb,Q66Suzi,Female,Conservative,Stourbridge,West Midlands,England,Borough,69891,65.37179322,29.70299197
Jim Shannon,JimShannonMP,Male,Democratic Unionist Party,Strangford,Northern Ireland,Northern Ireland,County,66928,56.00794884,18.86354542
Nadhim Zahawi,nadhimzahawi,Male,Conservative,Stratford-on-Avon,West Midlands,England,County,74037,74.35201318,36.2810638
Bell Ribeiro-Addy,BellRibeiroAddy,Female,Labour,Streatham,London,England,Borough,84783,66.65605133,31.30253216
Kate Green,KateGreenSU,Female,Labour,Stretford and Urmston,North West,England,Borough,72372,69.18006964,32.79006132
Siobhan Baillie,Siobhan_Baillie,Female,Conservative,Stroud,South West,England,County,84537,77.98951938,5.824359169
Dr Thérèse Coffey,theresecoffey,Female,Conservative,Suffolk Coastal,East,England,County,81910,71.18544744,35.21472182
Julie Elliott,JulieElliottMP,Female,Labour,Sunderland Central,North East,England,Borough,72680,59.81838195,6.817554513
Michael Gove,michaelgove,Male,Conservative,Surrey Heath,South East,England,County,81349,72.10168533,31.28345893
Paul Scully,scullyp,Male,Conservative,Sutton and Cheam,London,England,Borough,71779,70.33672801,16.54089171
Andrew Mitchell,,Male,Con,Sutton Coldfield,West Midlands,England,Borough,75638,69.17819086,36.83134257
Carolyn Harris,carolynharris24,Female,Labour,Swansea East,Wales,Wales,Borough,58450,57.4491018,23.73507252
Geraint Davies,GeraintDaviesMP,Male,Labour,Swansea West,Wales,Wales,Borough,57078,62.7737482,22.65140943
Christopher Pincher,ChrisPincher,Male,Conservative,Tamworth,West Midlands,England,County,71572,64.34918683,42.63071044
Esther McVey,EstherMcVey1,Female,Conservative,Tatton,North West,England,County,69018,70.94815845,35.50758674
Rebecca Pow,pow_rebecca,Female,Conservative,Taunton Deane,South West,England,County,88676,71.87175786,18.3578366
Lucy Allan,lucyallan,Female,Conservative,Telford,West Midlands,England,Borough,68921,62.13635902,25.54816112
Laurence Robertson,lrobertsonTewks,Male,Conservative,Tewkesbury,South West,England,County,83958,72.82212535,36.65358194
Geoffrey Clifton-Brown,,Male,Con,The Cotswolds,South West,England,County,81939,74.66041812,33.04236956
Mark Pritchard,MPritchardUK,Male,Conservative,The Wrekin,West Midlands,England,County,70693,69.15819105,38.30231131
Kevin Hollinrake,kevinhollinrake,Male,Conservative,Thirsk and Malton,Yorkshire and The Humber,England,County,80991,69.86949167,44.45112038
Luke Hall,LukeHall,Male,Conservative,Thornbury and Yate,South West,England,County,69492,75.17843781,23.67589916
Jackie Doyle-Price,JackieDP,Female,Conservative,Thurrock,East,England,Borough,79659,59.58774275,24.18943687
Neil Parish,neil_parish,Male,Conservative,Tiverton and Honiton,South West,England,County,82953,71.8635854,40.66059417
Tom Tugendhat,TomTugendhat,Male,Conservative,Tonbridge and Malling,South East,England,County,79278,71.90267161,47.26242478
Dr Rosena Allin-Khan,DrRosena,Female,Labour,Tooting,London,England,Borough,76954,75.98435429,24.46770304
Kevin Foster,kevin_j_foster,Male,Conservative,Torbay,South West,England,Borough,75054,67.18629254,35.19811209
Nick Thomas-Symonds,NickTorfaen,Male,Labour,Torfaen,Wales,Wales,County,62330,59.64383122,10.06563374
Geoffrey Cox QC,Geoffrey_Cox,Male,Conservative,Torridge and West Devon,South West,England,County,80403,74.28827283,41.84162063
Anthony Mangnall,AnthonyMangnal1,Male,Conservative,Totnes,South West,England,County,69863,74.691897,24.38388716
David Lammy,DavidLammy,Male,Labour,Tottenham,London,England,Borough,75740,61.86427251,64.39943657
Cherilyn Mackrory,thisischerilyn,Female,Conservative,Truro and Falmouth,South West,England,County,76719,77.15168342,7.705693529
Greg Clark,GregClarkMP,Male,Conservative,Tunbridge Wells,South East,England,County,74823,73.0390388,26.79780421
Munira Wilson,munirawilson,Female,Liberal Democrat,Twickenham,London,England,Borough,84906,75.96989612,21.89200502
Alan Campbell,alancampbellmp,Male,Labour,Tynemouth,North East,England,Borough,77261,72.52559506,8.667951601
Carla Lockhart,carlalockhart,Female,Democratic Unionist Party,Upper Bann,Northern Ireland,Northern Ireland,County,82887,60.37738125,16.40523529
Boris Johnson,BorisJohnson,Male,Conservative,Uxbridge and South Ruislip,London,England,Borough,70365,68.48148938,14.96254176
James Davies,JamesDavies,Male,Conservative,Vale of Clwyd,Wales,Wales,County,56649,65.69047997,4.909574611
Alun Cairns,AlunCairns,Male,Conservative,Vale of Glamorgan,Wales,Wales,County,76508,71.63564595,6.499169814
Florence Eshalomi,FloEshalomi,Female,Labour,Vauxhall,London,England,Borough,88659,63.53895262,34.81440719
Imran Nasir Ahmad Khan,imranahmadkhan,Male,Conservative,Wakefield,Yorkshire and The Humber,England,County,70192,64.14833599,7.457747574
Angela Eagle,angelaeagle,Female,Labour,Wallasey,North West,England,Borough,66310,70.11310511,39.40893057
Eddie Hughes,EddieHughes4WN,Male,Conservative,Walsall North,West Midlands,England,Borough,67177,54.41743454,32.7306051
Valerie Vaz,Valerie_VazMP,Female,Labour,Walsall South,West Midlands,England,Borough,68024,62.43678702,8.137125636
Stella Creasy,stellacreasy,Female,Labour,Walthamstow,London,England,County,70267,68.78762435,63.85021206
Ian Lavery,IanLaveryMP,Male,Labour,Wansbeck,North East,England,County,63339,63.95585658,2.009430003
David Johnston,david4wantage,Male,Conservative,Wantage,South East,England,County,90867,73.92452706,18.83643726
John Spellar,spellar,Male,Labour,Warley,West Midlands,England,Borough,62357,59.71903716,30.91114155
Charlotte Nichols,charlotte2153,Female,Labour,Warrington North,North West,England,Borough,72235,64.60441614,3.233548332
Andy Carter,MrAndy_Carter,Male,Conservative,Warrington South,North West,England,Borough,86015,71.9630297,3.247225319
Matt Western,MattWestern_,Male,Labour,Warwick and Leamington,West Midlands,England,Borough,76362,70.98425919,1.455585278
Sharon Hodgson,SharonHodgsonMP,Female,Labour,Washington and Sunderland West,North East,England,Borough,66278,56.59947494,9.924559486
Dean Russell,dean4watford,Male,Conservative,Watford,East,England,Borough,83359,69.65654578,7.63454749
Peter Aldous,peter_aldous,Male,Conservative,Waveney,East,England,County,82791,61.75671269,35.2089812
Nusrat Ghani,Nus_Ghani,Female,Conservative,Wealden,South East,England,County,82998,73.38369599,42.12159522
Mike Amesbury,MikeAmesburyMP,Male,Labour,Weaver Vale,North West,England,County,70551,71.88133407,1.108197109
Peter Bone,PeterBoneUK,Male,Conservative,Wellingborough,East Midlands,England,County,80765,64.27660497,35.71359775
James Heappey,JSHeappey,Male,Conservative,Wells,South West,England,County,81898,75.24970085,16.21178685
Grant Shapps,grantshapps,Male,Conservative,Welwyn Hatfield,East,England,County,74892,69.50408588,21.04585711
John Healey,JohnHealey_MP,Male,Labour,Wentworth and Dearne,Yorkshire and The Humber,England,County,74536,55.75426639,5.209711962
Andrew Bowie,AndrewBowie_MP,Male,Conservative,West Aberdeenshire and Kincardine,Scotland,Scotland,County,72640,73.4375,1.580279314
Nicola Faye Richards,Nicola4WBE,Female,Conservative,West Bromwich East,West Midlands,England,Borough,62046,57.98117526,4.428075052
Shaun Bailey,Shaun4WBW,Male,Conservative,West Bromwich West,West Midlands,England,Borough,64517,53.41072896,11.02469602
Chris Loder,chrisloder,Male,Conservative,West Dorset,South West,England,County,81897,74.39222438,23.15305704
Martin Docherty-Hughes,MartinJDocherty,Male,Scottish National Party,West Dunbartonshire,Scotland,Scotland,County,66517,67.86235098,21.16304829
Lyn Brown,lynbrownmp,Female,Labour,West Ham,London,England,Borough,97947,61.46181098,53.80066445
Rosie Cooper,rosie4westlancs,Female,Labour,West Lancashire,North West,England,County,73347,71.79980095,15.82895012
Matthew Hancock,MattHancock,Male,Conservative,West Suffolk,East,England,County,80193,64.14150861,45.09205436
Órfhlaith Begley,OrfhlaithBegley,Female,Sinn Féin,West Tyrone,Northern Ireland,Northern Ireland,County,66259,62.15910291,18.15665517
Harriett Baldwin,hbaldwin,Female,Conservative,West Worcestershire,West Midlands,England,County,76241,75.45808686,42.5847384
Karen Buck,KarenPBuckMP,Female,Labour,Westminster North,London,England,Borough,65519,65.49397885,25.07282515
Tim Farron,timfarron,Male,Liberal Democrat,Westmorland and Lonsdale,North West,England,County,67789,77.75892844,3.668993778
John Penrose,JohnPenroseNews,Male,Conservative,Weston-super-Mare,South West,England,County,82526,67.38967113,30.78541374
Lisa Nandy,lisanandy,Female,Labour,Wigan,North West,England,County,75680,59.51638478,14.93716975
Stephen Hammond,S_Hammond,Male,Conservative,Wimbledon,London,England,Borough,68240,77.70662368,1.184302337
Steve Brine,BrineMP,Male,Conservative,Winchester,South East,England,County,75582,77.91537668,1.672609951
Adam Afriyie,AdamAfriyie,Male,Conservative,Windsor,South East,England,County,75038,71.63037394,37.35627907
Alison McGovern,Alison_McGovern,Female,Labour,Wirral South,North West,England,County,57280,76.0247905,14.01933543
Margaret Greenwood,MGreenwoodWW,Female,Labour,Wirral West,North West,England,County,55550,77.26012601,6.997064169
Priti Patel,pritipatel,Female,Conservative,Witham,East,England,County,70402,70.08891793,48.80431258
Robert Courts,robertcourts,Male,Conservative,Witney,South East,England,County,83845,73.11706124,24.75654514
Jonathan Lord,JonathanLord,Male,Conservative,Woking,South East,England,County,75424,71.51172041,18.10816323
John Redwood,johnredwood,Male,Conservative,Wokingham,South East,England,County,83953,73.84727169,11.90864074
Jane Stevenson,Jane_Stevenson_,Female,Conservative,Wolverhampton North East,West Midlands,England,Borough,61660,55.59682128,11.90163648
Pat McFadden,patmcfaddenmp,Male,Labour,Wolverhampton South East,West Midlands,England,Borough,62883,53.18289522,3.692850522
Stuart Paul Anderson,Stuart4WolvesSW,Male,Conservative,Wolverhampton South West,West Midlands,England,Borough,60534,67.95519873,4.037825749
Robin Walker,WalkerWorcester,Male,Conservative,Worcester,West Midlands,England,Borough,73485,69.26311492,13.27753546
Mark Jenkinson,markjenkinsonmp,Male,Conservative,Workington,North West,England,County,61370,67.78393352,10.03870285
Barbara Keeley,KeeleyMP,Female,Labour,Worsley and Eccles South,North West,England,County,75219,59.43578085,7.200214731
Peter Bottomley,,Male,Con,Worthing West,South East,England,Borough,78585,69.53998855,27.12450593
Sarah Atherton,AthertonNWales,Female,Conservative,Wrexham,Wales,Wales,County,49737,67.41862195,6.355123464
Steven Baker,SteveBakerHW,Male,Conservative,Wycombe,South East,England,County,78093,70.11639968,7.69596026
Ben Wallace,BWallaceMP,Male,Conservative,Wyre and Preston North,North West,England,County,74775,70.77766633,31.70773184
Mark Garnier,Mark4WyreForest,Male,Conservative,Wyre Forest,West Midlands,England,County,78077,64.75786723,42.35082376
Mike Kane,MikeKaneMP,Male,Labour,Wythenshawe and Sale East,North West,England,Borough,76313,58.65186796,23.22661364
Marcus Fysh,MarcusFysh,Male,Conservative,Yeovil,South West,England,County,82468,71.85817529,27.30509619
Virginia Crosbie,,Female,Con,Ynys Mon,Wales,Wales,County,51925,70.39383727,5.384110309
Rachael Maskell,RachaelMaskell,Female,Labour,York Central,Yorkshire and The Humber,England,Borough,74899,66.09567551,27.36087264
Julian Sturdy,JulianSturdy,Male,Conservative,York Outer,Yorkshire and The Humber,England,County,74673,74.11915954,18.04072488
